Columna,Minimo,Maximo,Rango,Media,Desvio estandar,Cantidad NaN
ph,3.14871228517616,10.90507641006552,7.756364124889361,7.07358599046452,1.4378477056471952,0
Hardness,117.79122955039698,275.7467164820933,157.95548693169633,196.32647410775286,29.439875766528658,0
Solids,320.942611274359,44652.36387224059,44331.42126096623,21529.133631906843,8063.878952434303,0
Chloramines,3.18118329063755,11.086526251113613,7.905342960476062,7.129411707147589,1.431737824130464,0
Sulfate,229.57556091890592,437.6471625321793,208.0716016132734,333.5567591720017,37.528731391516274,0
Conductivity,201.6197367551575,652.5375916144461,450.9178548592886,425.81432296234226,79.85680364917492,0
Organic_carbon,5.512039717949506,23.23432591209433,17.722286194144825,14.40914553882573,3.2125412166691723,0
Trihalomethanes,23.792950469435443,108.84956802943516,85.05661755999972,66.34379552041734,15.566507421381477,0
Turbidity,1.872572600841316,6.08377235388592,4.211199753044604,3.971417314993065,0.7588667543471224,0
